id,sgRNA
POSCTRL_1,AAACAGACAGCTACTGGAGA
POSCTRL_2,CAACTATTGCTGATCATCCT
POSCTRL_3,CATATCCGGCTCAACGGATC
POSCTRL_4,TAAGATCTTGGTCTTCGATA
POSCTRL_5,CTCGAACTCGCTGTACTGGC
NEGCTRL_1,CGTCTGGGAATTCCTGGGAA
NEGCTRL_2,ACTCCCTACAACAGCTCCAC
NEGCTRL_3,GTGCCCAGCGCGGCGGCAAG
NEGCTRL_4,AGTTAAATTGGTTTAGGCCC
NEGCTRL_5,GCCCCTCCATGCCATCGCGG
PARK2_1,AACGTACAACAGATATCGCG
PARK2_2,AAAGGCAGAAATCACAACAG
PARK2_3,ATACACCGCACTCAAAGCTC
PARK2_4,AATAAATCGGGTAAGGTGCC
PARK2_5,TTTACTGATATGCATGGTTG
TRIM28_1,ACGAGTCTACCTGCTACATG
TRIM28_2,AGGATAGTCCGTACAACACC
TRIM28_3,GTATATTGCTTCCTAAAGAT
TRIM28_4,GGGCAACAGCACCAGAGGAG
TRIM28_5,GTCGAACTGAAAGGACCCAC
RAB_1,TAAGTACCCACGGGGTACTG
RAB_2,GAAGCCCGGCAATGCGATTT
RAB_3,CTGTAGAAGCTACATCGGCT
RAB_4,AGCACATACACGAGCGGAAA
RAB_5,TACCCGTTCAAGTCATCCGC
